{"cameraMode":{"drawMode":0,"name":"Shaded","section":"Shading Mode"},"sceneLighting":false,"audioPlay":false,"sceneViewState":{"showFog":true,"showMaterialUpdate":false,"showSkybox":true,"showFlares":true,"showImageEffects":true,"showParticleSystems":true},"in2DMode":false,"pivot":{"x":-0.8219585418701172,"y":0.41910499334335329,"z":0.2833271026611328},"rotation":{"x":-0.28193265199661257,"y":0.15654845535755158,"z":-0.046683989465236667,"w":-0.9454243779182434},"size":35.895965576171878,"orthographic":false}