{"cameraMode":{"drawMode":0,"name":"Shaded","section":"Shading Mode"},"sceneLighting":true,"audioPlay":false,"sceneViewState":{"showFog":true,"showMaterialUpdate":false,"showSkybox":true,"showFlares":true,"showImageEffects":true,"showParticleSystems":true},"in2DMode":false,"pivot":{"x":-4.025959014892578,"y":-10.589574813842774,"z":-38.0083122253418},"rotation":{"x":0.007080687675625086,"y":0.9084698557853699,"z":-0.4176073372364044,"w":0.01538110338151455},"size":55.244659423828128,"orthographic":false}